"","n","mean","median","sd","se","min","max"
"X1",9702,20.501443001443,20,12.3975462347938,0.125865035157611,1,120
