N,Mean,SD,SE,Min,Max
9702,20.501443001443,12.397546234793765,0.12586503515761102,1,120
