Gender,N,Mean,SD,Min,Max
Female,713,21.55820476858345,3.3720252187651956,18,36
Male,12699,20.889282620678795,3.28146629658944,18,63
Other,52,22.365384615384617,5.339563197798869,18,42
